{
	"type": "ItemTurret",
	"name": "亡灵",
	"health": 4800,
	"armor": 14,
	"size": 5,
	"reload": 20,
	"range": 348,
	"maxAmmo": 100,
	"recoilTime": 20,
	"recoil": 4,
	"cooldownTime": 80,
	"shoot": {
				"barrels": [
			15, 16, 0,
			-15, 16, 0
		]
		"shots": 2,
		"shotDelay": 1,
		"type": "ShootAlternate",
		"barrels": 3,
		"spread": 6
	},
	"ammoUseEffect": "casing3Double",
	"ammoPerShot": 2,
	"consumeAmmoOnce": false,
	"targetGround": true,
	"targetAir": true,
	"consumes": {
		"coolant": {
			"amount": 1.5,
			"optional": true
		}
	},
	"coolantMultiplier": 0.5,
	"liquidCapacity": 360,
	"inaccuracy": 3,
	"shake": 3,
	"shootSound": "shootBig",
	"rotateSpeed": 8,
	"ammoTypes": {
		"titanium": {
			"speed": 10,
			"damage": 204,
			"knockback": 1.5,
			"reloadMultiplier": 1.5,
			"lifetime": 38,
			"pierce": true,
			"pierceBuilding": true,
			"pierceCap": 3,
			"width": 16,
			"height": 20,
			"ammoMultiplier": 2,
			"shootEffect": "shootBig",
			"smokeEffect": "shootBigSmoke",
			"hitEffect": "hitBulletBig"
		},
		"thorium": {
			"speed": 11,
			"damage": 285,
			"lifetime": 35,
			"knockback": 0.7,
			"pierce": true,
			"status": "辐射",
			"statusDuration": 800,
			"pierceArmor": true,
			"pierceBuilding": true,
			"pierceCap": 6,
			"width": 18,
			"height": 23,
			"shootEffect": "shootBig",
			"smokeEffect": "shootBigSmoke",
			"hitEffect": "hitBulletBig",
			"ammoMultiplier": 2
		},
		"pyratite": {
			"speed": 10,
			"damage": 172,
			"splashDamageRadius": 35,
			"splashDamage": 100,
			"knockback": 1.1,
			"pierceArmor": true,
			"makeFire": true,
			"status": "melting",
			"statusDuration": 660,
			"lifetime": 38,
			"pierce": true,
			"pierceBuilding": true,
			"pierceCap": 2,
			"incendChance": 0.05,
			"incendSpread": 16,
			"incendAmount": 3,
			"backColor": "FF8C00",
			"frontColor": "FFB90F",
			"width": 16,
			"height": 20,
			"ammoMultiplier": 3,
			"hitEffect": "flakExplosionBig",
			"shootEffect": "shootBig",
			"smokeEffect": "shootBigSmoke"
		},

	},
	"requirements": [
		"copper/800",
		"lead/800"
		"graphite/300",
		"thorium/200"
		"titanium/400"
		"plastanium/240",
		"surge-alloy/200",
		"metaglass/20",
		"silicon/300"
	],
	"category": "turret",
	"research": "spectre"
}