{
	"type": "ItemTurret",
	"health": 20000,
	"size": 6,
	"reload": 45,
	"armor": 114//114514//
	"fogRadiusMultiplier": 0.16,
	"range": 2300,
	"maxAmmo": 80,
	"ammoPerShot": 1,
	"recoilTime": 10,
	    "pierce":true,//子弹是否可以穿过单位
		"pierceBuilding":true,
		   "drawSize":2,
	"recoil": 20,
	"reflectable":false,//这颗子弹是否能反射出来。(?
		"absorbable":false,
	"canOverdrive": false,
	"cooldownTime": 10,
	"shake": 0.5,
	"shootSound": "hum",
	"ammoUseEffect": "casing3Double",
	"drawer": {
		"type": "DrawTurret",
		"parts": [
			{
				"type": "RegionPart",
				"mirror": true,
				"x": 0,
				"y": 0,
				"suffix": "-侧",
				"layer": 50,
				"moveX": 3,
				"moveY": 0,
				"heatColor": "FF7055FF"
			},
			{
				"type": "HaloPart",
				"rotateSpeed": 0,
				"shapeRotation": 180,
				"x": 8,
				"y": 27,
				"sides": 3,
				"shapes": 1,
				"color": "FFFFFF",
				"colorTo": "25C9AB",
				"tri": true,
				"hollow": true,
				"radius": 0,
				"radiusTo": 5,
				"triLength": 100,
				"triLengthTo": 18,
				"haloRadius": 0,
				"haloRotation": 20,
				"haloRotateSpeed": 0,
				"layer": 110
			},
			{
				"type": "HaloPart",
				"rotateSpeed": 0,
				"shapeRotation": 0,
				"x": 8,
				"y": 26,
				"sides": 3,
				"shapes": 1,
				"color": "FFFFFF",
				"colorTo": "25C9AB",
				"tri": true,
				"hollow": true,
				"radius": 0,
				"radiusTo": 5,
				"triLength": 500,
				"triLengthTo": 160,
				"haloRadius": 0,
				"haloRotation": 0,
				"haloRotateSpeed": 0,
				"layer": 110
			},
			{
				"type": "HaloPart",
				"rotateSpeed": 0,
				"shapeRotation": 180,
				"x": -8,
				"y": 27,
				"sides": 3,
				"shapes": 1,
				"color": "FFFFFF",
				"colorTo": "25C9AB",
				"tri": true,
				"hollow": true,
				"radius": 0,
				"radiusTo": 5,
				"triLength": 100,
				"triLengthTo": 18,
				"haloRadius": 0,
				"haloRotation": -20,
				"haloRotateSpeed": 0,
				"layer": 110
			},
			{
				"type": "HaloPart",
				"rotateSpeed": 0,
				"shapeRotation": 0,
				"x": -8,
				"y": 26,
				"sides": 3,
				"shapes": 1,
				"color": "FFFFFF",
				"colorTo": "25C9AB",
				"tri": true,
				"hollow": true,
				"radius": 0,
				"radiusTo": 5,
				"triLength": 500,
				"triLengthTo": 160,
				"haloRadius": 0,
				"haloRotation": 0,
				"haloRotateSpeed": 0,
				"layer": 110
			},
			{
				"type": "HaloPart",
				"progress": {
					"type": "warmup",
					"op": "delay",
					"amount": 0.25
				},
				"rotateSpeed": 0,
				"shapeRotation": 0,
				"y": 40,
				"sides": 3,
				"shapes": 1,
				"color": "FFFFFF",
				"colorTo": "25C9AB80",
				"tri": true,
				"hollow": true,
				"radius": 0,
				"radiusTo": 16,
				"triLength": 500,
				"triLengthTo": 16,
				"haloRadius": 0,
				"haloRotation": 0,
				"haloRotateSpeed": 0,
				"layer": 51
			},
			{
				"type": "HaloPart",
				"progress": {
					"type": "warmup",
					"op": "delay",
					"amount": 0.5
				},
				"rotateSpeed": 0,
				"shapeRotation": 0,
				"y": 40,
				"moveY": 45,
				"sides": 3,
				"shapes": 1,
				"color": "FFFFFF",
				"colorTo": "25C9AB80",
				"tri": true,
				"hollow": true,
				"radius": 0,
				"radiusTo": 16,
				"triLength": 500,
				"triLengthTo": 16,
				"haloRadius": 0,
				"haloRotation": 0,
				"haloRotateSpeed": 0,
				"layer": 51
			},
			{
				"type": "HaloPart",
				"progress": {
					"type": "warmup",
					"op": "delay",
					"amount": 0.75
				},
				"rotateSpeed": 0,
				"shapeRotation": 0,
				"y": 40,
				"moveY": 90,
				"sides": 3,
				"shapes": 1,
				"color": "FFFFFF",
				"colorTo": "25C9AB80",
				"tri": true,
				"hollow": true,
				"radius": 0,
				"radiusTo": 16,
				"triLength": 500,
				"triLengthTo": 16,
				"haloRadius": 0,
				"haloRotation": 0,
				"haloRotateSpeed": 0,
				"layer": 51
			}
		]
	},
	"shootEffect": {
		"type": "WaveEffect",
		"lifetime": 15,
		"sizeFrom": 0,
		"sizeTo": 200,
		"strokeFrom": 3,
		"strokeTo": 0,
		"colorFrom": "6879B1",
		"colorTo": "529788"
	},
	"targetGround": true,
	"targetAir": true,
	"inaccuracy": 0,
	"rotateSpeed": 2,
	"ammoTypes": {
		"硅钢片": {
			"type": "BasicBulletType",
			"ammoMultiplier": 13,
			"speed": 200,
			"drag": 0.017,
			"lifetime": 90,
			"knockback": 6,
			"width": 23,
			"height": 45,
						"pierceArmor": true,
			"damage": 60000,
					"splashDamageRadius": 240,
		"splashDamage": 40000,
			"status": "损坏IV",
			"statusDuration": 1145114,
			"trailColor": "6879B1",
			"frontColor": "6879B1",
			"backColor": "ABB9ED","buildingDamageMultiplier":"5.5"
			"pierce": true,
			"pierceBuilding": false,
			"trailChance": 1,
			"trailInterval": 24,
			"trailRotation": true,
			"trailEffect": "instTrail",
			"hitSound": "shotgun",
			"shootEffect": {
				"type": "WaveEffect",
				"lifetime": 15,
				"sizeFrom": 0,
				"sizeTo": 200,
				"strokeFrom": 3,
				"strokeTo": 0,
				"colorFrom": "ABB9ED",
				"colorTo": "6879B1"
				"pierceArmor": true,
			},
			
			"hitEffect": "instHit",
			"despawnEffect": "none"
		}
	},
	"consumes": {
		"power": 280,
		"liquid": "water/1.75"
	},
	"category": "turret"
	"research": "电磁轨道弹射器",
	"requirements": [
		"surge-alloy/300","氮化镓/200""氧化镓/300","铝合金/600","磁钢/400","硅钢片/400","metaglass/600","graphite/300","titanium/1000","thorium/800","scrap/200","silicon/1145","plastanium/1100","phase-fabric/200",
	],
}