{
	"type": "ItemTurret",
	"name": "阻击",
	"health": 28000,
	"armor": 50,
	"insulated": true,
	"absorbLasers": true,
	"size": 6,
	"reload": 180,
	"shootSound": "mediumCannon",
	"shake": 6,
	"consumes": {
		"power": 10,
		"liquid": "water/1"
	},
	"shoot": {
		"shots": 3,
		"shotDelay": 8
	},
	"shootY": 16,
	"recoils": 3,
	"range": 1100,
	"recoilTime": 30,
	"recoil": 2,
/*	"ammoUseEffect": {
		"type": "ParticleEffect",
		"particles": 23,
		"sizeFrom": 14,
		"sizeTo": 0,
		"interp": "pow10Out",
		"sizeInterp": "pow10In",
		"length": -100,
		"baseLength": 3,
		"lifetime": 125,
		"colorFrom": "73737390",
		"colorTo": "73737350",
		"cone": 45,
		"layer": 41
	},*/
	"minWarmup": 0.8,
	"warmupMaintainTime": 360,
	"drawer": {
		"type": "DrawTurret",
		"parts": [
			{
				"type": "RegionPart",
				"mirror": true,
				"x": 6.5,
				"suffix": "-前",
				"under": true,
				"moveX": 5.5,
				"moveY": 24,
				"moves": [
					{
						"progress": "recoil",
						"y": -4
					}
				],
				"heatProgress": "reload",
				"heatColor": "FF7055FF"
			},
			{
				"type": "RegionPart",
				"mirror": true,
				"x": -2.5,
				"suffix": "-侧",
				"under": true,
				"moveX": 2.5,
				"heatProgress": "warmup",
				"heatColor": "FF7055FF"
			}
		]
	},
	"targetGround": true,
	"targetAir": false,
	"inaccuracy": 0,
	"rotateSpeed": 1.8,
	"maxAmmo": 48,
	"consumeAmmoOnce": false,
	"velocityRnd": 0.05,
	"ammoPerShot": 4,
	"ammoTypes": {
		"blast-compound": {
			"type": "ArtilleryBulletType",
			"inaccuracy": 5,
			"speed": 16,
			"lifetime": 68.75,
			"width": 10,
			"height": 22,
			"shrinkX": 0,
			"shrinkY": 0,
			"scaleLife": true,
			"sprite": "missile-large",
			"backColor": "FF7055",
			"frontColor": "FF7055",
			"scaledSplashDamage": true,
			"splashDamageRadius": 140,
			"splashDamage": 1300,
			"status": "freezing"
			"statusDuration": 360,
			"buildingDamageMultiplier": 1.5
			"ammoMultiplier": 3,
			"hitSound": "boom",
			"hitShake": 9,
			"shootEffect": {
				"type": "MultiEffect",
				"effects": [
					{
						"type": "ParticleEffect",
						"particles": 10,
						"sizeFrom": 10,
						"sizeTo": 0,
						"interp": "pow10Out",
						"sizeInterp": "pow5In",
						"length": 85,
						"baseLength": 3,
						"lifetime": 185,
						"colorFrom": "FF7055",
						"colorTo": "73737380",
						"cone": 30
					},
					{
						"type": "WaveEffect",
						"lifetime": 9,
						"sizeFrom": 1,
						"sizeTo": 90,
						"strokeFrom": 6,
						"strokeTo": 0,
						"colorFrom": "FFFFFF",
						"colorTo": "FFFFFF"
					}
				]
			},
			"smokeEffect": "none",
			"trailChance": 0.6,
			"trailEffect": {
				"type": "ParticleEffect",
				"particles": 4,
				"lifetime": 30,
				"interp": "circleOut",
				"sizeInterp": "pow3In",
				"sizeFrom": 3,
				"sizeTo": 0,
				"length": 12,
				"baseLength": 0,
				"colorFrom": "FF705590",
				"colorTo": "FF7055"
			},
			"hitEffect": {
				"type": "MultiEffect",
				"effects": [
					{
						"type": "ParticleEffect",
						"particles": 26,
						"sizeFrom": 12,
						"sizeTo": 0,
						"interp": "pow10Out",
						"sizeInterp": "pow5In",
						"length": 90,
						"baseLength": 3,
						"lifetime": 180,
						"colorFrom": "FF7055",
						"colorTo": "FF705590"
					},
					{
						"type": "WaveEffect",
						"lifetime": 13,
						"sizeFrom": 1,
						"sizeTo": 95,
						"strokeFrom": 8,
						"strokeTo": 0,
						"colorFrom": "FF7055",
						"colorTo": "FF7055"
					}
				]
			},
			"despawnEffect": {
				"type": "ParticleEffect",
				"particles": 1,
				"sizeFrom": 10,
				"sizeTo": 0,
				"sizeInterp": "pow5In",
				"length": 0,
				"baseLength": 0,
				"lifetime": 120,
				"colorFrom": "FF7055",
				"colorTo": "FF7055"
			},
			"fragLifeMin": 0.1,
			"fragBullets": 20,
			"fragBullet": {
				"type": "BasicBulletType",
				"status": "blasted"
				"statusDuration": 300,
				"speed": 8,
				"lifetime": 11,
				"backColor": "FF7055",
				"frontColor": "FF7055",
				"width": 16,
				"height": 16,
				"damage": 580,
				"scaledSplashDamage": true,
				"splashDamageRadius": 80,
				"splashDamage": 420,
				"buildingDamageMultiplier": 2,
				"hitSound": "explosion",
				"absorbable": false,
				"sprite": "circle-bullet",
				"shrinkY": 0,
				"hitEffect": {
					"type": "MultiEffect",
					"effects": [
						{
							"type": "ParticleEffect",
							"particles": 16,
							"sizeFrom": 5,
							"sizeTo": 0,
							"interp": "pow5Out",
							"sizeInterp": "pow5In",
							"length": 45,
							"baseLength": 0,
							"lifetime": 60,
							"colorFrom": "FF7055",
							"colorTo": "FF7055"
						},
						{
							"type": "WaveEffect",
							"lifetime": 8,
							"sizeFrom": 0,
							"sizeTo": 50,
							"strokeFrom": 3,
							"strokeTo": 0,
							"colorFrom": "FF7055",
							"colorTo": "FF7055"
						}
					]
				},
				"despawnEffect": "none"
			}
		},
		"沥青弹": {
			"type": "ArtilleryBulletType",
			"inaccuracy": 5,
			"speed": 9,
			"lifetime": 136,
			"width": 10,
			"height": 22,
			"shrinkX": 0,
			"shrinkY": 0,
			"scaleLife": true,
			"sprite": "missile-large",
			"backColor": "FF7055",
			"frontColor": "FF7055",
			"scaledSplashDamage": true,
			"splashDamageRadius": 80,
			"splashDamage": 800,
			"buildingDamageMultiplier": 0.5
			"status": "tarred",
			"reloadMultiplier": 0.5,
			"statusDuration": 800,
			"ammoMultiplier": 2,
			"hitSound": "boom",
			"hitShake": 9,
			"shootEffect": {
				"type": "MultiEffect",
				"effects": [
					{
						"type": "ParticleEffect",
						"particles": 10,
						"sizeFrom": 10,
						"sizeTo": 0,
						"interp": "pow10Out",
						"sizeInterp": "pow5In",
						"length": 85,
						"baseLength": 3,
						"lifetime": 185,
						"colorFrom": "42423F",
						"colorTo": "73737380",
						"cone": 30
					},
					{
						"type": "WaveEffect",
						"lifetime": 9,
						"sizeFrom": 1,
						"sizeTo": 90,
						"strokeFrom": 6,
						"strokeTo": 0,
						"colorFrom": "FFFFFF",
						"colorTo": "FFFFFF"
					}
				]
			},
			"smokeEffect": "none",
			"trailChance": 0.6,
			"trailEffect": {
				"type": "ParticleEffect",
				"particles": 4,
				"lifetime": 30,
				"interp": "circleOut",
				"sizeInterp": "pow3In",
				"sizeFrom": 3,
				"sizeTo": 0,
				"length": 12,
				"baseLength": 0,
				"colorfrom": "FF7055",
				"colorTo": "42423F"
			},
			"hitEffect": {
				"type": "MultiEffect",
				"effects": [
					{
						"type": "ParticleEffect",
						"particles": 26,
						"sizeFrom": 12,
						"sizeTo": 0,
						"interp": "pow10Out",
						"sizeInterp": "pow5In",
						"length": 90,
						"baseLength": 3,
						"lifetime": 180,
						"colorfrom": "FF7055",
						"colorTo": "42423F"
					},
					{
						"type": "WaveEffect",
						"lifetime": 13,
						"sizeFrom": 1,
						"sizeTo": 95,
						"strokeFrom": 8,
						"strokeTo": 0,
						"colorfrom": "FF7055",
						"colorTo": "42423F"
					}
				]
			},
			"despawnEffect": {
				"type": "ParticleEffect",
				"particles": 1,
				"sizeFrom": 10,
				"sizeTo": 0,
				"sizeInterp": "pow5In",
				"length": 0,
				"baseLength": 0,
				"lifetime": 120,
				"colorfrom": "FF7055",
				"colorTo": "42423F"
			},
			"fragLifeMin": 0.1,
			"fragBullets": 20,
			"fragBullet": {
				"type": "BasicBulletType",
				"speed": 8,
				"lifetime": 11,
				"backColor": "7E7E75",
				"frontColor": "42423F",
				"width": 16,
				"height": 16,
				"damage": 220,
				"makeFire": true,
				"scaledSplashDamage": true,
				"splashDamageRadius": 200,
			"status": "melting",
			"statusDuration": 110,
				"splashDamage": 420,
				"buildingDamageMultiplier": 0.9,
				"hitSound": "explosion",
				"absorbable": false,
				"sprite": "circle-bullet",
				"shrinkY": 0,
				"hitEffect": {
					"type": "MultiEffect",
					"effects": [
						{
							"type": "ParticleEffect",
							"particles": 16,
							"sizeFrom": 5,
							"sizeTo": 0,
							"interp": "pow5Out",
							"sizeInterp": "pow5In",
							"length": 45,
							"baseLength": 0,
							"lifetime": 60,
							"colorfrom": "FF7055",
							"colorTo": "42423F"
						},
						{
							"type": "WaveEffect",
							"lifetime": 8,
							"sizeFrom": 0,
							"sizeTo": 50,
							"strokeFrom": 3,
							"strokeTo": 0,
							"colorfrom": "FF7055",
							"colorTo": "42423F"
						}
					]
				},
				"despawnEffect": "none"
			}
		},
				"凝固汽油弹": {
			"type": "ArtilleryBulletType",
			"inaccuracy": 5,
			"speed": 16,
			"lifetime": 68.75,
			"width": 10,
			"height": 22,
			"shrinkX": 0,
			"shrinkY": 0,
			"scaleLife": true,
			"sprite": "missile-large",
			"backColor": "FF7055",
			"frontColor": "FF7055",
			"scaledSplashDamage": true,
			"splashDamageRadius": 140,
			"splashDamage": 1300,
			"status": "freezing"
			"statusDuration": 360,
			"buildingDamageMultiplier": 2
			"ammoMultiplier": 2,
			"hitSound": "boom",
			"hitShake": 9,
			"shootEffect": {
				"type": "MultiEffect",
				"effects": [
					{
						"type": "ParticleEffect",
						"particles": 10,
						"sizeFrom": 10,
						"sizeTo": 0,
						"interp": "pow10Out",
						"sizeInterp": "pow5In",
						"length": 85,
						"baseLength": 3,
						"lifetime": 185,
						"colorFrom": "FF7055",
						"colorTo": "73737380",
						"cone": 30
					},
					{
						"type": "WaveEffect",
						"lifetime": 9,
						"sizeFrom": 1,
						"sizeTo": 90,
						"strokeFrom": 6,
						"strokeTo": 0,
						"colorFrom": "FFFFFF",
						"colorTo": "FFFFFF"
					}
				]
			},
			"smokeEffect": "none",
			"trailChance": 0.6,
			"trailEffect": {
				"type": "ParticleEffect",
				"particles": 4,
				"lifetime": 30,
				"interp": "circleOut",
				"sizeInterp": "pow3In",
				"sizeFrom": 3,
				"sizeTo": 0,
				"length": 12,
				"baseLength": 0,
				"colorFrom": "FF705590",
				"colorTo": "FF7055"
			},
			"hitEffect": {
				"type": "MultiEffect",
				"effects": [
					{
						"type": "ParticleEffect",
						"particles": 26,
						"sizeFrom": 12,
						"sizeTo": 0,
						"interp": "pow10Out",
						"sizeInterp": "pow5In",
						"length": 90,
						"baseLength": 3,
						"lifetime": 180,
						"colorFrom": "FF7055",
						"colorTo": "FF705590"
					},
					{
						"type": "WaveEffect",
						"lifetime": 13,
						"sizeFrom": 1,
						"sizeTo": 95,
						"strokeFrom": 8,
						"strokeTo": 0,
						"colorFrom": "FF7055",
						"colorTo": "FF7055"
					}
				]
			},
			"despawnEffect": {
				"type": "ParticleEffect",
				"particles": 1,
				"sizeFrom": 10,
				"sizeTo": 0,
				"sizeInterp": "pow5In",
				"length": 0,
				"baseLength": 0,
				"lifetime": 120,
				"colorFrom": "FF7055",
				"colorTo": "FF7055"
			},
			"fragLifeMin": 0.1,
			"fragBullets": 20,
			"fragBullet": {
				"type": "BasicBulletType",
				"status": "blasted"
				"statusDuration": 300,
				"speed": 8,
				"lifetime": 11,
				"backColor": "FF7055",
				"frontColor": "FF7055",
				"width": 16,
				"height": 16,
				"damage": 580,
				"scaledSplashDamage": true,
				"splashDamageRadius": 20,
				"splashDamage": 420,
				"buildingDamageMultiplier": 2,
				"hitSound": "explosion",
				"absorbable": false,
				"sprite": "circle-bullet",
				"shrinkY": 0,
				"hitEffect": {
					"type": "MultiEffect",
					"effects": [
						{
							"type": "ParticleEffect",
							"particles": 16,
							"sizeFrom": 5,
							"sizeTo": 0,
							"interp": "pow5Out",
							"sizeInterp": "pow5In",
							"length": 45,
							"baseLength": 0,
							"lifetime": 60,
							"colorFrom": "FF7055",
							"colorTo": "FF7055"
						},
						{
							"type": "WaveEffect",
							"lifetime": 8,
							"sizeFrom": 0,
							"sizeTo": 50,
							"strokeFrom": 3,
							"strokeTo": 0,
							"colorFrom": "FF7055",
							"colorTo": "FF7055"
						}
					]
				},
				"despawnEffect": "none"
			}
		},
	},
	"requirements": [
		"copper/830",
		"graphite/300",
		"plastanium/180",
		"surge-alloy/180",
		"titanium/400"
		"thorium/250"
		"silicon/350",
		"metaglass/80"
		"lead/800"
		"phase-fabric/200"],

	"category": "turret"
}