{
	"type": "ItemTurret",
	"name": "a127",
	"health": 2200,
	"armor": 8,
	"size": 3,
	"reload": 15,
	"range": 268,
	"maxAmmo": 30,
	"recoilTime": 20,
	"recoil": 3,
	"cooldownTime": 80,
	"shoot": {
			"barrels": [
			10.5, 11, 0,
			-10.5, 11, 0
			10.5, 11, 0,
			-10.5, 11, 0
		]
		"shots": 2,
		"shotDelay": 1,
		"type": "ShootAlternate",
		"barrels": 2,
		"spread": 6
	},
	"ammoUseEffect": "casing3Double",
	"ammoPerShot": 1,
	"consumeAmmoOnce": false,
	"targetGround": true,
	"targetAir": true,
	"consumes": {
		"coolant": {
			"amount": 0.5,
			"optional": true
		}
	},
	"coolantMultiplier": 0.5,
	"liquidCapacity": 360,
	"inaccuracy": 2,
	"shake": 3,
	"shootSound": "shootBig",
	"rotateSpeed": 7,
	"ammoTypes": {
		"12.7^99钛弹": {
			"speed": 9,
			"damage": 70,
			"knockback": 1.5,
			"reloadMultiplier": 1.7,
			"lifetime": 28,
			"pierce": true,
			"pierceBuilding": true,
			"pierceCap": 3,
			"width": 16,
			"height": 20,
						"backColor": "7595D2",
			"hitColor": "7595D2",
			"shootEffect": "shootBig",
			"smokeEffect": "shootBigSmoke",
			"hitEffect": "hitBulletBig"
		},
		"12.7^99合金弹": {
			"speed": 9,
			"damage": 52,
			"knockback": 1,
			"reloadMultiplier": 1.7,
			"lifetime": 28,
			"pierceCap": 2,
			"width": 16,
						"backColor": "F2E770FF",
			"hitColor": "F2E770FF",
			"height": 20,
			"shootEffect": "shootBig",
			"status": "shocked",
		    "statusDuration": 600,
			"smokeEffect": "shootBigSmoke",
			"hitEffect": "hitBulletBig"
		"splashDamage": 40,
		"splashDamageRadius": 38,
		"lightning": 2,
		"collidesGround": true,
		"explodeRange": 20,
		"lightningLength": 6.5,
		"fragBullets": 2,
		"fragBullet": {
			"speed": 0.2,
			"splashDamageRadius": 25,
			"splashDamage": 40,
			"lifetime": 1,
			"pierceArmor": true,
			"status": "击穿",
		    "statusDuration": 300,
    }
		},
		"12.7^99钍弹": {
			"speed": 10.5,
			"damage": 120,
			"knockback": 5,
			"reloadMultiplier": 1.7,
			"lifetime": 23,
			"pierce": true,
			"pierceArmor": true,
			"status": "辐射",
		    "statusDuration": 800,
			"pierceBuilding": true,
			"pierceCap": 4,
			"width": 16,
			"height": 20,
						"backColor": "ECA7C6",
			"hitColor": "ECA7C6",
			"shootEffect": "shootBig",
			"smokeEffect": "shootBigSmoke",
			"hitEffect": "hitBulletBig"
		},
	},
	"requirements": [
		"copper/600",
		"graphite/80",
		"plastanium/120",
		"surge-alloy/200",
		"titanium/80"
		"thorium/30"
		"silicon/250",
		"metaglass/80"
	],
	"category": "turret",
	"research": "spectre"
}