{
    "type": "PowerTurret",
    "health": 450,
    "reload": 4,
    "shootCone": 360,
    "rotateSpeed": 0,
    "consumes": {
        "power": 6
    },
    "hasLiquids": false,
    "targetAir": true,
    "targetGround": true,
    "range": 120
    "rotateSpeed": 10,
    "shootEffect": {
        "type": "ParticleEffect",
        "particles": 4,
        "length": 45,
        "baseLength": 0,
        "lifetime": 13,
        "line": true,
        "lenFrom": 8,
        "lenTo": 18,
        "strokeFrom": 2,
        "strokeTo": 0,
        "colorFrom": "ffffff",
        "colorTo": "ffffff",
        "cone": 360
    },
    "recoil": 0,
    "size": 2,
    "shoot": {
        "type": "ShootSpread",
        "shots": 4
    },
    "inaccuracy": 0,
    "shootSound": "spark",
    "shootY": 0,
    "shootType": {
        "type": "LightningBulletType",
        "damage": 30,
        "status": "击穿",
		"statusDuration": 300,
		"splashDamage": 800,
		"splashDamageRadius": 20,
        "ammoMultiplier": 1,
        "collidesAir": true
    },
    "requirements": [
        "copper/150",
        "lead/80"
        "silicon/40"
    ],
    "category": "turret",
    "research": "arc"
}