{
	"type": "ItemTurret",
	"name": "鳄灵",
	"health": 3200,
	"armor": 11,
	"size": 4,
	"reload": 17,
	"range": 310.8,
	"maxAmmo": 300,
	"recoilTime": 20,
	"recoil": 4,
	"cooldownTime": 80,
	"shoot": {
		"shots": 6,
		"shotDelay": 5.6,
		"type": "ShootAlternate",
		"barrels": 3,
		"spread": 6
	},
	"ammoUseEffect": "casing3Double",
	"ammoPerShot": 2,
	"consumeAmmoOnce": false,
	"targetGround": true,
	"targetAir": true,
	"consumes": {
		"coolant": {
			"amount": 1,
			"optional": true
		}
	},
	"coolantMultiplier": 0.5,
	"liquidCapacity": 360,
	"inaccuracy": 3,
	"shake": 3,
	"shootSound": "shootBig",
	"rotateSpeed": 8,
	"ammoTypes": {
		"graphite": {
			"speed": 10,
			"damage": 92,
			"knockback": 1.5,
			"reloadMultiplier": 1.7,
			"lifetime": 30.5,
			"pierce": true,
			"pierceBuilding": true,
			"pierceCap": 3,
			"width": 16,
			"height": 20,
			"ammoMultiplier": 3,
			"shootEffect": "shootBig",
			"smokeEffect": "shootBigSmoke",
			"hitEffect": "hitBulletBig"
		},
			"silicon": {
			"speed": 18,
			"damage": 60,
			"lifetime": 18,
			"reloadMultiplier": 3,
			"splashDamageRadius": 20,
			"splashDamage": 50,
			"knockback": 0.7,
			"homingRange": 120,
			"homingPower": 0.01,
			"pierce": true,
			"targetGround": false,
			"pierceArmor": true,
			"collidesGround":false
			"pierceCap": 3,
			"width": 18,
			"status": "slow",
		    "statusDuration": 840,
			"height": 23,
			"shootEffect": "shootBig",
			"smokeEffect": "shootBigSmoke",
			"hitEffect": "hitBulletBig",
			"ammoMultiplier": 3
		},
		"thorium": {
			"speed": 11,
			"damage": 145,
			"lifetime": 28,
			"knockback": 0.7,
			"pierce": true,
			"pierceArmor": true,
			"pierceBuilding": true,
			"pierceCap": 4,
			"width": 18,
			"status": "辐射",
		    "statusDuration": 800,
			"height": 23,
			"shootEffect": "shootBig",
			"smokeEffect": "shootBigSmoke",
			"hitEffect": "hitBulletBig",
			"ammoMultiplier": 3
		},
		"pyratite": {
			"speed": 10,
			"damage": 108,
			"splashDamageRadius": 30,
			"splashDamage": 34,
			"knockback": 1.1,
			"pierceArmor": true,
			"makeFire": true,
			"status": "burning",
			"statusDuration": 600,
			"lifetime": 30.5,
			"pierce": true,
			"pierceBuilding": true,
			"pierceCap": 3,
			"incendChance": 0.05,
			"incendSpread": 16,
			"incendAmount": 3,
			"backColor": "FF8C00",
			"frontColor": "FFB90F",
			"width": 16,
			"height": 20,
			"ammoMultiplier": 3,
			"hitEffect": "flakExplosionBig",
			"shootEffect": "shootBig",
			"smokeEffect": "shootBigSmoke"
		},
		"blast-compound": {
			"speed": 10,
			"damage": 55,
			"splashDamageRadius": 47,
			"splashDamage": 128,
			"knockback": 2.2,
			"status": "blasted",
			"lifetime": 30.5,
			"pierce": true,
			"pierceArmor": true,
			"pierceBuilding": true,
			"pierceCap": 2,
			"width": 16,
			"height": 20,
			"ammoMultiplier": 4,
			"hitEffect": "flakExplosionBig",
			"shootEffect": "shootBig",
			"smokeEffect": "shootBigSmoke"
		},
"surge-alloy": {
			"speed": 11,
			"damage": 85,
			"lifetime": 28,
			"knockback": 1,
			"pierce": true,
			"pierceArmor": false,
			"pierceBuilding": true,
			"pierceCap": 3,
			"width": 18,
			"height": 23,
						"backColor": "F2E770FF",
			"hitColor": "F2E770FF",
			"status": "击穿",
		"statusDuration": 300,
		"splashDamage": 50,
		"splashDamageRadius": 38,
		"lightning": 4,
		"shootEffect": "shootBig",
		"collidesGround": true,
		"explodeRange": 20,
		"lightningLength": 6.5,
		"fragBullets": 4,
		"fragBullet": {
			"speed": 0.1,
			"splashDamageRadius": 15,
			"splashDamage": 30,
			"lifetime": 1,
			"status": "击穿",
					"statusDuration": 300,
		"lightning": 2,
		    "statusDuration": 300,
			"pierceArmor": true,
    }
	},
	}
	"requirements": [
		"copper/180",
		"graphite/160",
		"plastanium/200",
		"surge-alloy/170",
		"silicon/200",
		"metaglass/100"
	],
	"category": "turret",
	"research": "spectre"
}