{
	"type": "PowerTurret",
	"playerControllable": false,
	"health": 550,
	"size": 4,
	"reload": 180,
	"targetGround": true,
	"targetAir": true,
	"canOverdrive": false,
	"range": 800,
	"recoil": 0,
	"customShadow": false,
	"shootY": 0,
	"shootSound": "wave",
	"inaccuracy": 0,
	"rotateSpeed": 0,
	"shootCone": 360,
	"ammoUseEffect": {
		"type": "WaveEffect",
		"lifetime": 100,
		"sizeFrom": 0,
		"sizeTo": 800,
		"strokeFrom": 5,
		"strokeTo": 0,
		"colorFrom": "FFFFFF",
		"colorTo": "ffffff"
	},
	"consumes": {
		"power": 15
	},
	"drawer": {
		"type": "DrawMulti",
		"drawers": [
			"DrawDefault",
			{
				"type": "DrawRegion",
				"suffix": "-面",
				"spinSprite": true,
				"rotateSpeed": 1
			},
			{
				"type": "DrawRegion",
				"suffix": "-顶",
				"spinSprite": true,
				"rotateSpeed": -1
			}
		]
	},
	"shootType": {
		"type": "BasicBulletType",
		"damage": 0,
		"speed": 0,
		"instantDisappear": true,
		"ammoMultiplier": 1,
		"shootEffect": {
			"type": "WaveEffect",
			"lifetime": 100,
			"startDelay": 15,
			"sizeFrom": 0,
			"sizeTo": 800,
			"strokeFrom": 5,
			"strokeTo": 0,
			"colorFrom": "FFFFFF80",
			"colorTo": "ffffff80"
		},
		"smokeEffect": {
			"type": "WaveEffect",
			"lifetime": 100,
			"startDelay": 30,
			"sizeFrom": 0,
			"sizeTo": 800,
			"strokeFrom": 5,
			"strokeTo": 0,
			"colorFrom": "FFFFFF80",
			"colorTo": "ffffff80"
		},
		"splashDamageRadius": 800,
		"splashDamage": 0.1,
		"buildingDamageMultiplier": 0,
		"hitEffect": "none",
		"despawnEffect": "none",
		"statusDuration": 300,
		"status": "扫描"
	},
	"requirements": [
		"copper/350",
		"metaglass/100",
		"silicon/250",
		"硅钢片/170",
		"scrap/3"
		"氮化镓/20"
		"氧化镓/50"
		"thorium/30"
	],
	"category": "effect",
	"research": "尖端"
}