{
	"type": "tank",
	"name": "卑明",
	"speed": 0.95,
	"drag": 0.08,
	"accel": 0.05,
	"flying": false,
	"engineOffset": 0,
	"engineSize": 0,
	"hitSize": 30,
	"faceTarget": true,
	"lowAltitude": true,
	"health": 3850,
	"armor": 0,
	"rotateSpeed": 0.3,
	"template":"ErekirUnitType"
	"abilities": [
  		{
			"type": "StatusFieldAbility",
			"duration": 36000,
			"reload": 60,
			"range": 36000,
			"applyEffect": "none",
			"activeEffect": {
				"type": "WaveEffect",
				"lifetime": 20,
				"sizeFrom": 30,
				"sizeTo": 30,
				"strokeFrom": 1.3,
				"strokeTo": 0,
				"colorFrom": "EA9458",
				"colorTo": "D05D42"
			},
			"effect": "瘤"
		}
  			{
			"type": "LiquidExplodeAbility",
			"liquid": "neoplasm",
			"radAmountScale": 0.8,
			"radScale": 1.25,
			"amount": 120,
		}
  {
    type: LiquidRegenAbility
    liquid: neoplasm
  }
	],
	"weapons": [
		{
			"name": "卑明A",
			"reload": 40,
			"shake": 3,
			"recoil": 5,
			"x": 0,
			"y": 0,
			"shootX": 0,
			"shootY": 0,
			"rotate": true,
			"mirror": true,
			"inaccuracy": 5,
			"shootSound": "artillery",
			"alternate": true,
			"ejectEffect": "casing4",
			"shootCone": 20,
			"shoot": {
            "shots": 6,
            "shotDelay": 0
                },
			"bullet": {
				"damage": 160,
				"splashDamage": 80,
				"splashDamageRadius": 12,
				"speed": 7,
				"lifetime": 40,
				"hitSound": "explosion",
				"shootEffect": "shootBig",
				"smokeEffect": "shootBigSmoke",
				"trailLength": 1,
				"trailWidth": 3,
				"trailColor": "F98F4A",
				"backColor": "F98F4A",
				"frontColor": "F98F4A",
				"width": 13,
				"height": 30,
				"hitEffect": {
					"type": "ParticleEffect",
					"particles": 15,
					"line": true,
					"strokeFrom": 3,
					"strokeTo": 0,
					"lenFrom": 16,
					"lenTo": 0,
					"length": 60,
					"baseLength": 0,
					"lifetime": 10,
					"colorFrom": "FFA05C",
					"colorTo": "FFFFFF",
					"cone": 60
				},
				"despawnEffect": "flakExplosionBig"
			}
		},
	]
	"parts": [
        {
            "type": "RegionPart",
            "mirror": true,
            "x": 8,
            "y": 0,
            "layer": 50,
            "suffix": "-翅膀",
            "moveX": 0,
            "moveY": 0,
            "moveRot": 20,
            "progress": {
                "type": "smoothReload",
                "op": "absin",
                "scl": 10,
                "mag": 1
            }
        }
    ]
}