{
	"type": "legs",
	"name": "蚍蜉",
	"speed": 1.2,
	"drag": 0.08,
	"accel": 0.05,
	"flying": false,
	"engineOffset": 0,
	"engineSize": 0,
	"hitSize": 60,
	"faceTarget": true,
	"lowAltitude": true,
	"health": 1300,
	"armor": 0,
	"rotateSpeed": 2,
	"template":"ErekirUnitType"
	"legCount": 6,
    "legLength": "14",
    "lockLegBase": false,
    "legContinuousMove": true,
    "legExtension": -4,
    "legBaseOffset": 8,
    "legMaxLength": 1.2,
    "legMinLength": 0.8,
    "legMoveSpace": 0.9,
	"abilities": [
  		{
			"type": "StatusFieldAbility",
			"duration": 36000,
			"reload": 60,
			"range": 36000,
			"applyEffect": "none",
			"activeEffect": {
				"type": "WaveEffect",
				"lifetime": 20,
				"sizeFrom": 30,
				"sizeTo": 30,
				"strokeFrom": 1.3,
				"strokeTo": 0,
				"colorFrom": "EA9458",
				"colorTo": "D05D42"
			},
			"effect": "瘤"
		}
  			{
			"type": "LiquidExplodeAbility",
			"liquid": "neoplasm",
			"radAmountScale": 0.8,
			"radScale": 1.25,
			"amount": 90,
		}
  {
    type: LiquidRegenAbility
    liquid: neoplasm
  }
	],
	"weapons": [
		{
			"name": "蚍蜉A",
			"reload": 40,
			"shake": 3,
			"recoil": 5,
			"x": 0,
			"y": 0,
			"shootX": 0,
			"shootY": 14,
			"rotate": true,
			"mirror": true,
			"inaccuracy": 5,
			"shootSound": "瘤液发射",
			"alternate": false,
			"ejectEffect": "casing4",
			"shootCone": 20,
			"shoot": {
            "shots": 2,
            "shotDelay": 0
                },
			    "bullet": {
				"damage": 30,
				"recoil": 5,
				"splashDamage": 0,
				"splashDamageRadius": 0,
				"speed": 7,
				"lifetime": 15,
				"hitSound": "none",
				"shootEffect": "none",
				"smokeEffect": "none",
				"trailLength": 3,
				"trailWidth": 2,
				"trailColor": "B23021",
				"backColor": "B23021",
				"frontColor": "B23021",
				"width": 8,
				"height": 8,
				"hitEffect": "none"
				"despawnEffect": "none"
				"fragBullets":5
    "fragBullet":{
    "type": "LiquidBulletType",
    "liquid": "neoplasm",
    "lifetime": 0,
    "speed": 0,
    "puddleSize": 8,
    "orbSize": 8,
    "damage": 10
                }
			}
		},
	]
}