{
	"type": "ConsumeGenerator",
	"size": 3,
	"health": 420,
	"hasLiquids": true,
	"hasItems": true,
	"itemDuration": 15,
	"powerProduction": 28
	"craftEffect": "smeltsmoke",
	"itemCapacity": 20,
	"liquidCapacity": 200,
	"drawer": {
		"type": "DrawMulti",
		"drawers": [
			"DrawDefault",
			{
				"type": "DrawRegion",
				"suffix": "-转",
				"rotateSpeed":12,
				"rotation":45
			},
			{
				"type": "DrawRegion",
				"suffix": "-转2",
				"rotateSpeed":-1.25,
				"rotation":60
			},
			{
				"type": "DrawRegion",
				"suffix": "-顶"
			},
			"DrawWarmupRegion",
			{"type": "DrawLiquidRegion",
			"drawLiquid": "高压蒸汽"}
		]
	},
	"generateEffect": "generatespark",
	"consumes": {
		"liquid": "高压蒸汽/0.5"
		  }
		  generateEffectRange: 1
effectChance: 0.025
generateEffect: {
    type: RadialEffect
    layer: 118
    rotationSpacing: 60
    amount: 6
    lengthOffset: 6
    effect: {
      particles: 1
      length: 90
      lifetime: 400
      cone: 20
      baseRotation: 32
      useRotation: false 
      sizeFrom: 0
      sizeTo: 12
      colorFrom: e0e0e066
      colorTo: e0e0e000
      sizeInterp: pow2Out
      interp: pow2Out
      layer: 111
    }
  }
		  "outputLiquid": "中压蒸汽/0.25"
	"buildCostMultiplier": 0.95,
	"requirements": [
		"lead/80",
		"titanium/120",
		"metaglass/110",
		"silicon/80",
		"铝合金/80"
		"氮化镓/50"
		"变压模块/1"
		"硅钢片/60"
	],
	"ambientSound": "smelter",
	"ambientSoundVolume": 0.06,
	"category": "power",
	"research": "steam-generator"
}