{
"type":"flying",
"name":"氢苞",
"description":"满载氢气的飞行生物，小心爆炸",
"speed": 1.5,
"hitSize":14,
"health":700,
//"research":"孵化室"
"template":"ErekirUnitType"
"flying": true,
"circleTarget": true,
	"abilities": [
  		{
			"type": "StatusFieldAbility",
			"duration": 36000,
			"reload": 60,
			"range": 36000,
			"applyEffect": "none",
			"activeEffect": {
				"type": "WaveEffect",
				"lifetime": 20,
				"sizeFrom": 30,
				"sizeTo": 30,
				"strokeFrom": 1.3,
				"strokeTo": 0,
				"colorFrom": "EA9458",
				"colorTo": "D05D42"
			},
			"effect": "瘤"
		}
  			{
			"type": "LiquidExplodeAbility",
			"liquid": "neoplasm",
			"radAmountScale": 0.8,
			"radScale": 1.25,
			"amount": 120,
		}
  {
    type: LiquidRegenAbility
    liquid: neoplasm
  }
	],
"weapons": [
		{
			"name": "boom",
			"reload": 10,
			"x": 0,
			"y": 0,
			"rotate": false,
			"shootCone": 360,
			"ejectEffect": "none",
			"shootSound": "titanExplosion",
			"mirror": false,
			"inaccuracy": 0,
			"alternate": true,
			"top": false,
			"shootOnDeath": true,
			"bullet": {
				"killShooter": true,
				"splashDamageRadius": 68,
				"instantDisappear": true,
				"collides": false,
				"splashDamage": 320,
				"speed": 1,
				"hitColor": "97A5F7",
				"lifetime": 10,
				//来自火力的t1爬爬
				"fragBullet": {
"pierce": true,
"pierceBuilding": true,
"type": "LiquidBulletType",
"liquid": "hydrogen",
"lifetime": 30,
"speed": 5,
"puddleSize": 5,
"orbSize": 5,
"damage": 50
                }
                "hitEffect": {
                    "type": "MultiEffect",
                    "effects": [
                        "titanExplosion",
                        "titanSmoke",
                        {
                            "type": "WaveEffect",
                            "lifetime": 70,
                            "sizeFrom": 0,
                            "sizeTo": 70,
                            "strokeFrom": 12,
                            "strokeTo": 0,
                            "colorFrom": "97A5F7",
                            "colorTo": "97A5F7"
                        }
                    ]
                }
                }
                }
                ]
                }