{
	"type": "flying",
	"name": "芳垛",
	"speed": 1.6,
	"drag": 0.08,
	"accel": 0.05,
	"flying": true,
	"engineOffset": 0,
	"engineSize": 0,
	"hitSize": 25,
	"faceTarget": true,
	"lowAltitude": true,
	"health": 3400,
	"armor": 0,
	"rotateSpeed": 0.9,
	"template":"ErekirUnitType"
	"abilities": [
  		{
			"type": "StatusFieldAbility",
			"duration": 36000,
			"reload": 60,
			"range": 36000,
			"applyEffect": "none",
			"activeEffect": {
				"type": "WaveEffect",
				"lifetime": 20,
				"sizeFrom": 30,
				"sizeTo": 30,
				"strokeFrom": 1.3,
				"strokeTo": 0,
				"colorFrom": "EA9458",
				"colorTo": "D05D42"
			},
			"effect": "瘤"
		}
  			{
			"type": "LiquidExplodeAbility",
			"liquid": "neoplasm",
			"radAmountScale": 0.8,
			"radScale": 1.25,
			"amount": 120,
		}
  {
    type: LiquidRegenAbility
    liquid: neoplasm
  }
	],
	"weapons": [
		{
			"name": "芳垛A",
			"reload": 110,
			"x": 0,
			"y": 0,
			"shootY": 18,
			"mirror": false,
			"alternate": true,
			"xRand":1,
			"rotate": false,
			"shootCone": 90,
			"shoot": {
				"type": "ShootSpread",
				"shots": 2,
				"shotDelay": 0,
				"spread": 0.5
			},
			"inaccuracy": 15,
			"alternate": true,
			"ejectEffect": "casing2",
			"shootSound": "artillery",
			"bullet": {
				"damage": 20,
				"splashDamageRadius": 16,
				"splashDamage": 450,
				"status": "blasted",
				"trailLength": 8,
				"trailWidth": 1,
				"trailColor": "567148",
				"backColor": "82A467",
				"frontColor": "B5C678",
				"hitEffect": "explosion",
				"despawnEffect": "explosion",
				"smokeEffect": "none",
				"speed": 3,
				"lifetime": 58,
				"width": 20,
				"height": 20
			}
		}
	]
}