{
	"type": "GenericCrafter",
	"health": 560,
	"outputItem": "silicon/3",
	"itemCapacity": 40,
	"size": 4,
	"hasPower": true,
	"hasLiquids": false,
	"hasItems": true,
	"craftTime": 35,
	"updateEffect": "none",
	"craftEffect": "smeltsmoke",
	"drawer": {
		"type": "DrawMulti",
		"drawers": [
			"DrawDefault",
			{
				"type": "DrawFlame",
				"flameRadius": 0,
				"flameRadiusIn": 0,
				"flameRadiusMag": 0,
				"flameRadiusInMag": 0
			}
		]
	
	},
	"consumes": {
		"power": 2.5,
		"itemFlammable":{},
		"items": [
        "sand/6"
		]
	},
	"requirements": [
		"copper/50",
		"titanium/80"
		"graphite/40"
		"metaglass/20"
	],
	"category": "crafting",
	"ambientSound": "smelter",
	"research": "silicon-smelter"
}