{
	"type": "GenericCrafter",
	"outputItem": "硅钢片/5",
	"size": 3,
	"hasPower": true,
	"hasLiquids": false,
	"hasItems": true,
	"craftTime": 40,
	"itemCapacity": 100,
	"drawer":{
        "type":"DrawMulti",
        "drawers":[
            "DrawDefault",
            "DrawFlame"
            ]
    },
	"consumes": {
    "power":2.5,
    "items": {	 "items": [
	  "titanium/5"
	  "silicon/5"
		]
  }
 },
"requirements": [
		"lead/20"
		"silicon/60"
        "titanium/80"
		"graphite/25"
		"metaglass/30"
	],
	"category": "crafting",
	"research": "silicon-crucible",
	"idleSound": "respawning",
	"idleSoundVolume": 0.5
}