{
	"type": "GenericCrafter",
	"name": "硅钢冶炼厂",
	"health": 500,
	"outputItem": "磁钢/3",
	"size": 3,
	"hasPower": true,
	"hasItems": true,
	"craftTime": 45,
	"itemCapacity": 12,
	"drawer": {
		"type": "DrawMulti",
		"drawers": [
			"DrawDefault",
			{
				"type": "DrawFlame",
				"flameColor": "e1e4c8"
			}
		]
	},
	"craftEffect": {
		"type": "ParticleEffect",
		"particles": 5,
		"baseLength": 6,
		"length": 6,
		"region": "更多设施-菱形",
		"sizeInterp": "pow3In",
		"lifetime": 15,
		"sizeFrom": 5,
		"sizeTo": 0,
		"colorFrom": "7595D2AA",
		"colorTo": "7595D2"
	},
	"consumes": {
		"power": 7,
		"items": [
			"titanium/1",
			"铁/4"
			"silicon/1"
		]
	},
	"requirements": [
		"plastanium/55",
		"硅钢片/100",
		"thorium/80",
		"metaglass/40",
		"graphite/30"
	],
	"category": "crafting",
	"ambientSound": "smelter",
	"ambientSoundVolume": 0.65,
	"research": {
		"parent": "硅钢冶炼炉",
		"objectives": [
			{
				"type": "SectorComplete",
				"preset": "desolateRift"
			}
		]
	}
}