{
	"health": 10,
	"armor":29,
	"size": 4,
	"reload": 30,
	"range": 200,
	"ammoPerShot": 2,
	"consumes": {
		"coolant": {
			"amount": 0.1,
			"optional": true
		}
	},
	"shoot": {
		"shots": 4,
		"shotDelay": 3,
		"type": "ShootAlternate",
		"barrels": 2,
		"spread": 3
	},
	"xRand": 1,
	"ammoUseEffect": "casing2Double",
	"inaccuracy": 1,
	"rotateSpeed": 12,
	"shake": 1,
		"shootType": {
            "pierceArmor": true,
			"speed": 8,
			"damage": 25,
			"lifetime": 30,
			"width": 7,
			"height": 8,
			"makeFire": true,
			"ammoMultiplier": 2,
			"shootEffect": "shootSmall",
			"status": "burning",
			"statusDuration": 600,
			"frontColor":"f8ad42",
			"backColor":"f68021"
	},
	"researchCostMultiplier": 0.5,
	"category": "turret",
	"buildVisibility": "campaignOnly",
}