{
	"type": "UnitFactory",
	"health": 3000,
	"size": 3,
	"consumes": {
		"power": 1,
		"liquid": "neoplasm/0.2"
	},
	"plans": [
		{
			"unit": "renale",
			"time": 1800,
			"requirements": [
				"silicon/0",
			]
		}
				{
			"unit": "蛆",
			"time": 2500,
			"requirements": [
				"silicon/0",
			]
		}
				{
			"unit": "虫",
			"time": 3300,
			"requirements": [
				"silicon/0",
			]
		}
				{
			"unit": "蜘蛛",
			"time": 3000,
			"requirements": [
				"silicon/0",
			]
		}
		{
			"unit": "囊泡",
			"time": 100,
			"requirements": [
				"silicon/0",
			]
		},
		{
			"unit": "巨肾",
			"time": 120,
			"requirements": [
				"silicon/0",
			]
		},
		{
			"unit": "氢苞",
			"time": 300,
			"requirements": [
				"silicon/0",
			]
		},
		{
			"unit": "花萼",
			"time": 800,
			"requirements": [
				"silicon/0",
			]
		},
		{
			"unit": "卑明",
			"time": 2000,
			"requirements": [
				"silicon/0",
			]
		}
		{
			"unit": "巨肾",
			"time": 120,
			"requirements": [
				"silicon/0",
			]
		},
		{
			"unit": "芳垛",
			"time": 1200,
			"requirements": [
				"silicon/0",
			]
		},
		{
			"unit": "蚍蜉",
			"time": 260,
			"requirements": [
				"silicon/0",
			]
		},
		{
			"unit": "脓包",
			"time": 450,
			"requirements": [
				"silicon/0",
			]
		}
	],
	"category": "units",
	"buildVisibility": "sandboxOnly",
}