{
  "type": "missile",
  "flying": true,
  "template": "MissileUnitType",
  "speed": 6.8,
  "lifetime": 100,
  "deathExplosionEffect": "massiveExplosion",
  	"fogRadius":8,//迷雾揭示范围
"targetable":false,//可被选为目标
  "trailColor": "ED6E69",
  "trailLength": 22,
  	"abilities": [
  			{
			"type": "LiquidExplodeAbility",
			"liquid": "燃料",
			"radAmountScale": 8,
			"radScale": 1.25,
		}
		]
  "weapons": [
    {
      "shootCone": 360,
      "mirror": false,
      "reload": 1,
      "shootOnDeath": true,
      "shake": 8,
      "bullet": {
        "type": "ExplosionBulletType",
        "splashDamage": 1800,
        "splashDamageRadius": 60,
        "hitColor": "9cb664",
        "collidesAir": true,
        "collidesGround": false,
        "status": "辐射",
		"statusDuration": 300,
        "buildingDamageMultiplier": 0.8,
        "fragLifeMin": 0.1,
        "fragBullets": 7,
        "fragBullet": {
          "type": "FlakBulletType",
          "speed": 3.4,
          "damage": 800,
          "collidesAir": true,
          "collidesGround": false,
          "collidesTiles": false,
          "buildingDamageMultiplier": 0.75,
          "drag": 0.02,
          
          "hitEffect": "massiveExplosion",
          "despawnEffect": "scatheSlash",
          "knockback": 1.8,
          "lifetime": 23,
          "height": 18,
          "width": 9,
          "splashDamageRadius": 40,
          "splashDamage": 480,
          "backColor": "9cb664",
          "trailColor": "9cb664",
          "hitColor": "9cb664",
          "frontColor": "ffffff",
          "smokeEffect": "shootBigSmoke2",
          "despawnShake": 5,
          "lightRadius": 30,
          "lightColor": "9cb664",
          "lightOpacity": 0.5,
          "trailLength": 20,
          "trailWidth": 3.5,
          "trailEffect": "none"
        }
      }
    }
  ]
}
